{"status":{},"contains_secrets":false,"product_version":"3.0.0.1","spec":{"description":"Lab 2","resources":{"client_attrs":{"None":{"y":270.5,"x":230.9609375},"383efd1f_deployment":{"y":-194.89939515,"x":-396.2039234673},"61cf2a61_deployment":{"y":-200.010697291,"x":-193.1265105378},"5a45646b_deployment":{"y":-191.4180871281,"x":-21.7809591676}},"service_definition_list":[{"singleton":false,"action_list":[{"description":"System action for creating an application","type":"system","critical":false,"runbook":{"task_definition_list":[{"target_any_local_reference":{"kind":"app_service","name":"WebServer"},"retries":"0","description":"","child_tasks_local_reference_list":[],"name":"ed3d938c_dag","attrs":{"edges":[],"type":""},"timeout_secs":"0","type":"DAG","variable_list":[]}],"description":"","name":"cf70dde5_runbook","main_task_local_reference":{"kind":"app_task","name":"ed3d938c_dag"},"variable_list":[]},"name":"action_create"},{"description":"System action for deleting an application. Deletes created VMs as well","type":"system","critical":false,"runbook":{"task_definition_list":[{"target_any_local_reference":{"kind":"app_service","name":"WebServer"},"retries":"0","description":"","child_tasks_local_reference_list":[],"name":"611d6ab8_dag","attrs":{"edges":[],"type":""},"timeout_secs":"0","type":"DAG","variable_list":[]}],"description":"","name":"645591e4_runbook","main_task_local_reference":{"kind":"app_task","name":"611d6ab8_dag"},"variable_list":[]},"name":"action_delete"},{"description":"System action for starting an application","type":"system","critical":false,"runbook":{"task_definition_list":[{"target_any_local_reference":{"kind":"app_service","name":"WebServer"},"retries":"0","description":"","child_tasks_local_reference_list":[{"kind":"app_task","name":"Restart"}],"name":"19ca117f_dag","attrs":{"edges":[],"type":""},"timeout_secs":"0","type":"DAG","variable_list":[]},{"target_any_local_reference":{"kind":"app_service","name":"WebServer"},"retries":"0","description":"","child_tasks_local_reference_list":[],"name":"Restart","attrs":{"type":"CALL_RUNBOOK","inarg_list":[],"runbook_reference":{"kind":"app_runbook","name":"6ec03f85_runbook"}},"timeout_secs":"0","type":"CALL_RUNBOOK","variable_list":[]}],"description":"","name":"b8926e4a_runbook","main_task_local_reference":{"kind":"app_task","name":"19ca117f_dag"},"variable_list":[]},"name":"action_start"},{"description":"System action for stopping an application","type":"system","critical":false,"runbook":{"task_definition_list":[{"target_any_local_reference":{"kind":"app_service","name":"WebServer"},"retries":"0","description":"","child_tasks_local_reference_list":[{"kind":"app_task","name":"WebServer_Stop"}],"name":"d99c73d5_dag","attrs":{"edges":[],"type":""},"timeout_secs":"0","type":"DAG","variable_list":[]},{"target_any_local_reference":{"kind":"app_service","name":"WebServer"},"retries":"0","description":"","child_tasks_local_reference_list":[],"name":"WebServer_Stop","attrs":{"exit_status":[],"script":"#!\/usr\/bin\/env bash\r\n\r\nsudo systemctl stop httpd\r\n","script_type":"sh","type":"","command_line_args":"","login_credential_local_reference":{"kind":"app_credential","name":"teccadmin"}},"timeout_secs":"0","type":"EXEC","variable_list":[]}],"description":"","name":"d0bb2509_runbook","main_task_local_reference":{"kind":"app_task","name":"d99c73d5_dag"},"variable_list":[]},"name":"action_stop"},{"description":"System action for restarting an application","type":"system","critical":false,"runbook":{"task_definition_list":[{"target_any_local_reference":{"kind":"app_service","name":"WebServer"},"retries":"0","description":"","child_tasks_local_reference_list":[{"kind":"app_task","name":"WebServer_Restart"}],"name":"ce2f642c_dag","attrs":{"edges":[],"type":""},"timeout_secs":"0","type":"DAG","variable_list":[]},{"target_any_local_reference":{"kind":"app_service","name":"WebServer"},"retries":"0","description":"","child_tasks_local_reference_list":[],"name":"WebServer_Restart","attrs":{"script":"#!\/usr\/bin\/env bash\r\n\r\nsudo systemctl restart httpd\r\n","type":"","command_line_args":"","exit_status":[],"script_type":"sh"},"timeout_secs":"0","type":"EXEC","variable_list":[]}],"description":"","name":"6ec03f85_runbook","main_task_local_reference":{"kind":"app_task","name":"ce2f642c_dag"},"variable_list":[]},"name":"action_restart"}],"depends_on_list":[{"kind":"app_service","name":"MySQL"}],"name":"WebServer","port_list":[],"tier":"","variable_list":[],"description":""},{"singleton":false,"action_list":[{"description":"System action for creating an application","type":"system","critical":false,"runbook":{"task_definition_list":[{"target_any_local_reference":{"kind":"app_service","name":"HAProxy"},"retries":"0","description":"","child_tasks_local_reference_list":[],"name":"0923e7d8_dag","attrs":{"edges":[],"type":""},"timeout_secs":"0","type":"DAG","variable_list":[]}],"description":"","name":"b908dec1_runbook","main_task_local_reference":{"kind":"app_task","name":"0923e7d8_dag"},"variable_list":[]},"name":"action_create"},{"description":"System action for deleting an application. Deletes created VMs as well","type":"system","critical":false,"runbook":{"task_definition_list":[{"target_any_local_reference":{"kind":"app_service","name":"HAProxy"},"retries":"0","description":"","child_tasks_local_reference_list":[],"name":"4d72e453_dag","attrs":{"edges":[],"type":""},"timeout_secs":"0","type":"DAG","variable_list":[]}],"description":"","name":"120e7835_runbook","main_task_local_reference":{"kind":"app_task","name":"4d72e453_dag"},"variable_list":[]},"name":"action_delete"},{"description":"System action for starting an application","type":"system","critical":false,"runbook":{"task_definition_list":[{"target_any_local_reference":{"kind":"app_service","name":"HAProxy"},"retries":"0","description":"","child_tasks_local_reference_list":[{"kind":"app_task","name":"Restart"}],"name":"e708a878_dag","attrs":{"edges":[],"type":""},"timeout_secs":"0","type":"DAG","variable_list":[]},{"target_any_local_reference":{"kind":"app_service","name":"HAProxy"},"retries":"0","description":"","child_tasks_local_reference_list":[],"name":"Restart","attrs":{"type":"CALL_RUNBOOK","inarg_list":[],"runbook_reference":{"kind":"app_runbook","name":"981864ec_runbook"}},"timeout_secs":"0","type":"CALL_RUNBOOK","variable_list":[]}],"description":"","name":"2801d56d_runbook","main_task_local_reference":{"kind":"app_task","name":"e708a878_dag"},"variable_list":[]},"name":"action_start"},{"description":"System action for stopping an application","type":"system","critical":false,"runbook":{"task_definition_list":[{"target_any_local_reference":{"kind":"app_service","name":"HAProxy"},"retries":"0","description":"","child_tasks_local_reference_list":[{"kind":"app_task","name":"HAProxy_Stop"}],"name":"90db999e_dag","attrs":{"edges":[],"type":""},"timeout_secs":"0","type":"DAG","variable_list":[]},{"target_any_local_reference":{"kind":"app_service","name":"HAProxy"},"retries":"0","description":"","child_tasks_local_reference_list":[],"name":"HAProxy_Stop","attrs":{"exit_status":[],"script":"#!\/usr\/bin\/env bash\r\n\r\nsudo systemctl stop haproxy\r\nsudo systemctl daemon-reload\r\n","script_type":"sh","type":"","command_line_args":"","login_credential_local_reference":{"kind":"app_credential","name":"teccadmin"}},"timeout_secs":"0","type":"EXEC","variable_list":[]}],"description":"","name":"e8195520_runbook","main_task_local_reference":{"kind":"app_task","name":"90db999e_dag"},"variable_list":[]},"name":"action_stop"},{"description":"System action for restarting an application","type":"system","critical":false,"runbook":{"task_definition_list":[{"target_any_local_reference":{"kind":"app_service","name":"HAProxy"},"retries":"0","description":"","child_tasks_local_reference_list":[{"kind":"app_task","name":"HAProxy_Restart"}],"name":"9764b31e_dag","attrs":{"edges":[],"type":""},"timeout_secs":"0","type":"DAG","variable_list":[]},{"target_any_local_reference":{"kind":"app_service","name":"HAProxy"},"retries":"0","description":"","child_tasks_local_reference_list":[],"name":"HAProxy_Restart","attrs":{"exit_status":[],"script":"#!\/usr\/bin\/env bash\r\n\r\nsudo systemctl daemon-reload\r\nsudo systemctl restart haproxy\r\n","script_type":"sh","type":"","command_line_args":"","login_credential_local_reference":{"kind":"app_credential","name":"teccadmin"}},"timeout_secs":"0","type":"EXEC","variable_list":[]}],"description":"","name":"981864ec_runbook","main_task_local_reference":{"kind":"app_task","name":"9764b31e_dag"},"variable_list":[]},"name":"action_restart"}],"depends_on_list":[{"kind":"app_service","name":"WebServer"}],"name":"HAProxy","port_list":[],"tier":"","variable_list":[],"description":""},{"singleton":false,"action_list":[{"description":"System action for creating an application","type":"system","critical":false,"runbook":{"task_definition_list":[{"target_any_local_reference":{"kind":"app_service","name":"MySQL"},"retries":"0","description":"","child_tasks_local_reference_list":[],"name":"3ca4d11f_dag","attrs":{"edges":[],"type":""},"timeout_secs":"0","type":"DAG","variable_list":[]}],"description":"","name":"c4683cbe_runbook","main_task_local_reference":{"kind":"app_task","name":"3ca4d11f_dag"},"variable_list":[]},"name":"action_create"},{"description":"System action for deleting an application. Deletes created VMs as well","type":"system","critical":false,"runbook":{"task_definition_list":[{"target_any_local_reference":{"kind":"app_service","name":"MySQL"},"retries":"0","description":"","child_tasks_local_reference_list":[],"name":"f6e060c7_dag","attrs":{"edges":[],"type":""},"timeout_secs":"0","type":"DAG","variable_list":[]}],"description":"","name":"de8f2443_runbook","main_task_local_reference":{"kind":"app_task","name":"f6e060c7_dag"},"variable_list":[]},"name":"action_delete"},{"description":"System action for starting an application","type":"system","critical":false,"runbook":{"task_definition_list":[{"target_any_local_reference":{"kind":"app_service","name":"MySQL"},"retries":"0","description":"","child_tasks_local_reference_list":[{"kind":"app_task","name":"Restart"}],"name":"de800b71_dag","attrs":{"edges":[],"type":""},"timeout_secs":"0","type":"DAG","variable_list":[]},{"target_any_local_reference":{"kind":"app_service","name":"MySQL"},"retries":"0","description":"","child_tasks_local_reference_list":[],"name":"Restart","attrs":{"type":"CALL_RUNBOOK","inarg_list":[],"runbook_reference":{"kind":"app_runbook","name":"cef48f55_runbook"}},"timeout_secs":"0","type":"CALL_RUNBOOK","variable_list":[]}],"description":"","name":"8f4dc730_runbook","main_task_local_reference":{"kind":"app_task","name":"de800b71_dag"},"variable_list":[]},"name":"action_start"},{"description":"System action for stopping an application","type":"system","critical":false,"runbook":{"task_definition_list":[{"target_any_local_reference":{"kind":"app_service","name":"MySQL"},"retries":"0","description":"","child_tasks_local_reference_list":[{"kind":"app_task","name":"MySQL_Stop"}],"name":"20af4a33_dag","attrs":{"edges":[],"type":""},"timeout_secs":"0","type":"DAG","variable_list":[]},{"target_any_local_reference":{"kind":"app_service","name":"MySQL"},"retries":"0","description":"","child_tasks_local_reference_list":[],"name":"MySQL_Stop","attrs":{"exit_status":[],"script":"#!\/usr\/bin\/env bash\r\n\r\nsudo systemctl stop mysqld\r\n# sudo systemctl status mysqld.service\r\n","script_type":"sh","type":"","command_line_args":"","login_credential_local_reference":{"kind":"app_credential","name":"teccdba"}},"timeout_secs":"0","type":"EXEC","variable_list":[]}],"description":"","name":"a1cd14b6_runbook","main_task_local_reference":{"kind":"app_task","name":"20af4a33_dag"},"variable_list":[]},"name":"action_stop"},{"description":"System action for restarting an application","type":"system","critical":false,"runbook":{"task_definition_list":[{"target_any_local_reference":{"kind":"app_service","name":"MySQL"},"retries":"0","description":"","child_tasks_local_reference_list":[{"kind":"app_task","name":"MySQL_Restart"}],"name":"1cd55362_dag","attrs":{"edges":[],"type":""},"timeout_secs":"0","type":"DAG","variable_list":[]},{"target_any_local_reference":{"kind":"app_service","name":"MySQL"},"retries":"0","description":"","child_tasks_local_reference_list":[],"name":"MySQL_Restart","attrs":{"exit_status":[],"script":"#!\/usr\/bin\/env bash\r\n\r\nsudo systemctl restart mysqld\r\n# sudo systemctl status mysqld.service\r\n","script_type":"sh","type":"","command_line_args":"","login_credential_local_reference":{"kind":"app_credential","name":"teccdba"}},"timeout_secs":"0","type":"EXEC","variable_list":[]}],"description":"","name":"cef48f55_runbook","main_task_local_reference":{"kind":"app_task","name":"1cd55362_dag"},"variable_list":[]},"name":"action_restart"}],"depends_on_list":[],"name":"MySQL","port_list":[],"tier":"","variable_list":[],"description":""}],"substrate_definition_list":[{"description":"","action_list":[],"type":"AHV_VM","name":"WebServerAHV","readiness_probe":{"connection_type":"SSH","retries":"5","connection_protocol":"","connection_port":22,"address":"@@{platform.status.resources.nic_list[0].ip_endpoint_list[0].ip}@@","delay_secs":"60","disable_readiness_probe":false,"login_credential_local_reference":{"kind":"app_credential","name":"teccadmin"}},"editables":{"readiness_probe":{"connection_type":true,"delay_secs":true,"connection_port":true,"timeout_secs":null},"create_spec":{"resources":{"nic_list":{"0":{"subnet_reference":true}},"disk_list":{"0":{"data_source_reference":true,"device_properties":{"device_type":true,"disk_address":{"adapter_type":true}}}},"memory_size_mib":true,"boot_config":true,"serial_port_list":{}}}},"os_type":"Linux","create_spec":{"name":"web1-@@{calm_array_index}@@","resources":{"nic_list":[{"nic_type":"NORMAL_NIC","ip_endpoint_list":[],"network_function_chain_reference":null,"network_function_nic_type":"INGRESS","mac_address":"","subnet_reference":{"kind":"subnet","type":"","name":"","uuid":"d7bfc341-2c15-4a1c-8162-e38952547939"},"type":""}],"serial_port_list":[],"guest_tools":null,"num_vcpus_per_socket":1,"num_sockets":1,"gpu_list":[],"memory_size_mib":1024,"parent_reference":null,"hardware_clock_timezone":"","guest_customization":{"cloud_init":{"meta_data":"","type":"","user_data":"#cloud-config\nusers:\n  - name: @@{teccadmin.username}@@\n    ssh-authorized-keys:\n      - @@{teccadmin.public_key}@@\n    sudo: ['ALL=(ALL) NOPASSWD:ALL']"},"type":"","sysprep":null},"power_state":"ON","type":"","account_uuid":"b70117ed-b9fc-4ae0-b420-a3a47b92153b","boot_config":{"boot_device":{"type":"","disk_address":{"type":"","device_index":0,"adapter_type":"SCSI"}},"type":"","boot_type":"","mac_address":""},"disk_list":[{"data_source_reference":{"kind":"image","type":"","name":"CentOS-8-GenericCloud-8.2.2004-20200611.2.x86_64.qcow2","uuid":"b6c004e2-2fc5-4e84-aa34-0fa5bbaba53d"},"type":"","disk_size_mib":0,"volume_group_reference":null,"device_properties":{"type":"","disk_address":{"type":"","device_index":0,"adapter_type":"SCSI"},"device_type":"DISK"}}]},"availability_zone_reference":null,"backup_policy":null,"type":"","cluster_reference":null,"categories":""},"variable_list":[]},{"description":"","action_list":[],"type":"AHV_VM","name":"HAProxyAHV","readiness_probe":{"connection_type":"SSH","retries":"5","connection_protocol":"","connection_port":22,"address":"@@{platform.status.resources.nic_list[0].ip_endpoint_list[0].ip}@@","delay_secs":"60","disable_readiness_probe":false,"login_credential_local_reference":{"kind":"app_credential","name":"teccadmin"}},"editables":{"readiness_probe":{"connection_type":true,"delay_secs":true,"connection_port":true,"timeout_secs":null},"create_spec":{"name":true,"resources":{"nic_list":{"0":{"subnet_reference":true}},"serial_port_list":{},"num_vcpus_per_socket":true,"num_sockets":true,"memory_size_mib":true,"boot_config":true,"disk_list":{"0":{"data_source_reference":true,"device_properties":{"device_type":true,"disk_address":{"adapter_type":true}}}}}}},"os_type":"Linux","create_spec":{"name":"vm-@@{calm_array_index}@@-@@{calm_time}@@","resources":{"nic_list":[{"nic_type":"NORMAL_NIC","ip_endpoint_list":[],"network_function_chain_reference":null,"network_function_nic_type":"INGRESS","mac_address":"","subnet_reference":{"kind":"subnet","type":"","name":"","uuid":"d7bfc341-2c15-4a1c-8162-e38952547939"},"type":""}],"serial_port_list":[],"guest_tools":null,"num_vcpus_per_socket":1,"num_sockets":1,"gpu_list":[],"memory_size_mib":1024,"parent_reference":null,"hardware_clock_timezone":"","guest_customization":{"cloud_init":{"meta_data":"","type":"","user_data":"#cloud-config\nusers:\n  - name: @@{teccadmin.username}@@\n    ssh-authorized-keys:\n      - @@{teccadmin.public_key}@@\n    sudo: ['ALL=(ALL) NOPASSWD:ALL']"},"type":"","sysprep":null},"power_state":"ON","type":"","account_uuid":"b70117ed-b9fc-4ae0-b420-a3a47b92153b","boot_config":{"boot_device":{"type":"","disk_address":{"type":"","device_index":0,"adapter_type":"SCSI"}},"type":"","boot_type":"","mac_address":""},"disk_list":[{"data_source_reference":{"kind":"image","type":"","name":"CentOS-8-GenericCloud-8.2.2004-20200611.2.x86_64.qcow2","uuid":"b6c004e2-2fc5-4e84-aa34-0fa5bbaba53d"},"type":"","disk_size_mib":0,"volume_group_reference":null,"device_properties":{"type":"","disk_address":{"type":"","device_index":0,"adapter_type":"SCSI"},"device_type":"DISK"}}]},"availability_zone_reference":null,"backup_policy":null,"type":"","cluster_reference":null,"categories":""},"variable_list":[]},{"description":"","action_list":[],"type":"AHV_VM","name":"MySQLAHV","readiness_probe":{"connection_type":"SSH","retries":"5","connection_protocol":"","connection_port":22,"address":"@@{platform.status.resources.nic_list[0].ip_endpoint_list[0].ip}@@","delay_secs":"60","disable_readiness_probe":false,"login_credential_local_reference":{"kind":"app_credential","name":"teccdba"}},"editables":{"readiness_probe":{"connection_type":true,"delay_secs":true,"timeout_secs":null},"create_spec":{"resources":{"nic_list":{"0":{"subnet_reference":true}},"disk_list":{"0":{"data_source_reference":true,"device_properties":{"device_type":true,"disk_address":{"adapter_type":true}}}},"memory_size_mib":true,"boot_config":true,"serial_port_list":{}}}},"os_type":"Linux","create_spec":{"name":"vm-@@{calm_array_index}@@-@@{calm_time}@@","resources":{"nic_list":[{"nic_type":"NORMAL_NIC","ip_endpoint_list":[],"network_function_chain_reference":null,"network_function_nic_type":"INGRESS","mac_address":"","subnet_reference":{"kind":"subnet","type":"","name":"","uuid":"d7bfc341-2c15-4a1c-8162-e38952547939"},"type":""}],"serial_port_list":[],"guest_tools":null,"num_vcpus_per_socket":1,"num_sockets":1,"gpu_list":[],"memory_size_mib":2048,"parent_reference":null,"hardware_clock_timezone":"","guest_customization":{"cloud_init":{"meta_data":"","type":"","user_data":"#cloud-config\nusers:\n  - name: @@{teccdba.username}@@\n    ssh-authorized-keys:\n      - @@{teccdba.public_key}@@\n    sudo: ['ALL=(ALL) NOPASSWD:ALL']"},"type":"","sysprep":null},"power_state":"ON","type":"","account_uuid":"b70117ed-b9fc-4ae0-b420-a3a47b92153b","boot_config":{"boot_device":{"type":"","disk_address":{"type":"","device_index":0,"adapter_type":"SCSI"}},"type":"","boot_type":"","mac_address":""},"disk_list":[{"data_source_reference":{"kind":"image","type":"","name":"CentOS-8-GenericCloud-8.2.2004-20200611.2.x86_64.qcow2","uuid":"b6c004e2-2fc5-4e84-aa34-0fa5bbaba53d"},"type":"","disk_size_mib":0,"volume_group_reference":null,"device_properties":{"type":"","disk_address":{"type":"","device_index":0,"adapter_type":"SCSI"},"device_type":"DISK"}}]},"availability_zone_reference":null,"backup_policy":null,"type":"","cluster_reference":null,"categories":""},"variable_list":[]}],"credential_definition_list":[{"username":"teccadmin","description":"","type":"KEY","secret":{"attrs":{"is_secret_modified":false,"secret_reference":{}}},"name":"teccadmin"},{"username":"teccdba","description":"","type":"KEY","secret":{"attrs":{"is_secret_modified":false,"secret_reference":{}}},"name":"teccdba"}],"package_definition_list":[{"description":"CentOS 8 Cloud Image","action_list":[],"type":"SUBSTRATE_IMAGE","service_local_reference_list":[],"name":"CentOS_8_Cloud","version":"","options":{"type":"","name":"CentOS_8_Cloud","resources":{"image_type":"DISK_IMAGE","checksum":{"checksum_algorithm":"","type":"","checksum_value":""},"source_uri":"https:\/\/cloud.centos.org\/centos\/8\/x86_64\/images\/CentOS-8-GenericCloud-8.2.2004-20200611.2.x86_64.qcow2","version":{"product_version":"8","type":"","product_name":"CentOS"},"architecture":"X86_64","type":""},"description":""},"variable_list":[]},{"description":"","action_list":[],"type":"DEB","service_local_reference_list":[{"kind":"app_service","name":"WebServer"}],"name":"WebServer_Package","version":"","options":{"install_runbook":{"task_definition_list":[{"target_any_local_reference":{"kind":"app_package","name":"WebServer_Package"},"retries":"0","description":"","child_tasks_local_reference_list":[{"kind":"app_task","name":"Linux_OS_Update"},{"kind":"app_task","name":"Install_WebServer"},{"kind":"app_task","name":"3Tier_Web_App"},{"kind":"app_task","name":"TEST_WEBAPP"}],"name":"1f754b4e_dag","attrs":{"edges":[{"from_task_reference":{"kind":"app_task","name":"Linux_OS_Update"},"edge_type":"user_defined","type":"","to_task_reference":{"kind":"app_task","name":"Install_WebServer"}},{"from_task_reference":{"kind":"app_task","name":"Install_WebServer"},"edge_type":"user_defined","type":"","to_task_reference":{"kind":"app_task","name":"3Tier_Web_App"}},{"from_task_reference":{"kind":"app_task","name":"3Tier_Web_App"},"edge_type":"user_defined","type":"","to_task_reference":{"kind":"app_task","name":"TEST_WEBAPP"}}],"type":""},"timeout_secs":"0","type":"DAG","variable_list":[]},{"target_any_local_reference":{"kind":"app_service","name":"WebServer"},"retries":"0","description":"","child_tasks_local_reference_list":[],"name":"Linux_OS_Update","attrs":{"exit_status":[],"script":"#!\/usr\/bin\/env bash\r\n\r\nsudo yum -y update\r\n","script_type":"sh","type":"","command_line_args":"","login_credential_local_reference":{"kind":"app_credential","name":"teccadmin"}},"timeout_secs":"0","type":"EXEC","variable_list":[]},{"target_any_local_reference":{"kind":"app_service","name":"WebServer"},"retries":"0","description":"","child_tasks_local_reference_list":[],"name":"Install_WebServer","attrs":{"exit_status":[],"script":"#!\/usr\/bin\/env bash\r\nset -ex\r\n\r\necho \"__ Install httpd and php...\"\r\nsudo yum install -y httpd\r\nsudo yum install -y php php-gd php-mbstring php-pdo php-mysqlnd\r\n\r\necho \"<IfModule mod_dir.c>\r\n        DirectoryIndex index.php index.html\r\n<\/IfModule>\" | sudo tee \/etc\/httpd\/conf.modules.d\/dir.conf\r\n\r\necho \"<?php\r\nphpinfo();\r\n?>\" | sudo tee \/var\/www\/html\/index.php\r\n\r\nsudo systemctl enable httpd\r\n\r\n# temporarily disable SELinux to prevent httpd to MySQL authentication issues\r\n# this is for testing only and should not be done in production environments\r\necho \"__ Temporarily disable SELinux...\"\r\nsudo setenforce 0\r\n","script_type":"sh","type":"","command_line_args":"","login_credential_local_reference":{"kind":"app_credential","name":"teccadmin"}},"timeout_secs":"0","type":"EXEC","variable_list":[]},{"target_any_local_reference":{"kind":"app_service","name":"WebServer"},"retries":"0","description":"","child_tasks_local_reference_list":[],"name":"3Tier_Web_App","attrs":{"exit_status":[],"script":"#!\/usr\/bin\/env bash\nset -ex\n\nsudo touch \/var\/www\/html\/index.php\nsudo chown @@{teccadmin.username}@@:@@{teccadmin.username}@@ \/var\/www\/html\/index.php\n\ncat > \/var\/www\/html\/index.php <<- \"EOF\"\n<html>\n<head>\n  <title>@@{calm_blueprint_name}@@<\/title>\n<\/head>\n<body>\n <h1>Hostname: @@{name}@@ at @@{address}@@, replica: @@{calm_array_index}@@<\/h1>\n<?php\ntry {\n  $dbh = new PDO('mysql:host=@@{MySQL.address}@@;dbname=@@{DATABASE_NAME}@@', '@@{MYSQL_APP_USER}@@', '@@{MYSQL_PASSWORD}@@', array(\n    PDO::ATTR_PERSISTENT => true,\n    PDO::ATTR_ERRMODE => PDO::ERRMODE_EXCEPTION,\n  ));\n\n  \/\/ ensure there is at least 1 row of data for the app to read\n  $data = $dbh->query(\"INSERT INTO @@{DATABASE_TABLE}@@ (id, time, message) VALUES (NULL, CURRENT_TIMESTAMP, '@@{calm_username}@@')\");\n\n  $data = $dbh->query('SELECT MAX(id) AS count FROM @@{DATABASE_TABLE}@@')->fetchAll(PDO::FETCH_COLUMN);\n  $count = $data[0]; \/\/print_r($data);\n  $data = $dbh->query(\"SELECT time, message FROM @@{DATABASE_TABLE}@@ WHERE id = $count\")->fetchAll(PDO::FETCH_ASSOC);\n  $time = $data[0]['time'];\n  $message = $data[0]['message'];\n\n  echo \"<p>Database records: $count<\/p>\\n\";\n  echo \"<p>Last maintainer: $message, on: $time<\/p>\\n\";\n  echo \"<h3>Web docroot: {$_SERVER[\"DOCUMENT_ROOT\"]}, file: {$_SERVER[\"SCRIPT_NAME\"]}<\/h3>\\n\";\n\n  $dbh = null;\n}\ncatch (PDOException $e) {\n  print \"Error!: \" . $e->getMessage() . \"<br\/>\";\n  print phpinfo();\n  die();\n}\n?><\/body>\n<\/html>\nEOF\n","script_type":"sh","type":"","command_line_args":"","login_credential_local_reference":{"kind":"app_credential","name":"teccadmin"}},"timeout_secs":"0","type":"EXEC","variable_list":[]},{"target_any_local_reference":{"kind":"app_service","name":"WebServer"},"retries":"0","description":"","child_tasks_local_reference_list":[],"name":"TEST_WEBAPP","attrs":{"exit_status":[],"script":"\n  <html>\n  <head>\n    <title>TECC Test Web Application<\/title>\n  <\/head>\n  <body>\n   <h1>TECC Test Web Application<\/h1>\n  <?php\n  try {\n    $dbh = new PDO('mysql:host=DATABASE_ADDRESS;dbname=webapp', 'tecc_webuser', 'end-user-provided-password', array(\n      PDO::ATTR_PERSISTENT => true,\n      PDO::ATTR_ERRMODE => PDO::ERRMODE_EXCEPTION,\n    ));\n\n    \/\/ ensure there is at least 1 row of data for the app to read\n    $data = $dbh->query(\"INSERT INTO tecc_dba_test (id, time, comment) VALUES (NULL, CURRENT_TIMESTAMP, \"$_SERVER['SCRIPT_NAME']\")\");\n\n    $data = $dbh->query('SELECT MAX(id) AS count FROM tecc_dba_test')->fetchAll(PDO::FETCH_COLUMN);\n    $count = $data[0]; \/\/print_r($data);\n    $data = $dbh->query(\"SELECT time, comment FROM tecc_dba_test WHERE id = $count\")->fetchAll(PDO::FETCH_ASSOC);\n    $time = $data[0]['time'];\n    $comment = $data[0]['comment'];\n\n    echo \"<p>Database records: $count<\/p>\\n\";\n    echo \"<p>Last comment: $comment, on: $time<\/p>\\n\";\n    echo \"<h3>Web docroot: $_SERVER['DOCUMENT_ROOT'], file: $_SERVER['SCRIPT_NAME']<\/h3>\\n\";\n\n    $dbh = null;\n  }\n  catch (PDOException $e) {\n    print \"Error!: \" . $e->getcomment() . \"<br\/>\";\n    print phpinfo();\n    die();\n  }\n  ?><\/body>\n  <\/html>","script_type":"sh","type":"","command_line_args":"","login_credential_local_reference":{"kind":"app_credential","name":"teccadmin"}},"timeout_secs":"0","type":"EXEC","variable_list":[]}],"description":"","name":"e609eb7c_runbook","main_task_local_reference":{"kind":"app_task","name":"1f754b4e_dag"},"variable_list":[]},"type":"","uninstall_runbook":{"task_definition_list":[{"target_any_local_reference":{"kind":"app_package","name":"WebServer_Package"},"retries":"0","description":"","child_tasks_local_reference_list":[{"kind":"app_task","name":"Uninstall_Web_Server"}],"name":"979f1e6e_dag","attrs":{"edges":[],"type":""},"timeout_secs":"0","type":"DAG","variable_list":[]},{"target_any_local_reference":{"kind":"app_service","name":"WebServer"},"retries":"0","description":"","child_tasks_local_reference_list":[],"name":"Uninstall_Web_Server","attrs":{"exit_status":[],"script":"#!\/usr\/bin\/env bash\r\nset -ex\r\n\r\nsudo rm -rf \/var\/www\/html\/* || true\r\nsudo yum erase -y httpd php || true\r\n","script_type":"sh","type":"","command_line_args":"","login_credential_local_reference":{"kind":"app_credential","name":"teccadmin"}},"timeout_secs":"0","type":"EXEC","variable_list":[]}],"description":"","name":"cb5624c6_runbook","main_task_local_reference":{"kind":"app_task","name":"979f1e6e_dag"},"variable_list":[]}},"variable_list":[]},{"description":"","action_list":[],"type":"DEB","service_local_reference_list":[{"kind":"app_service","name":"HAProxy"}],"name":"HAProxy_Install","version":"","options":{"install_runbook":{"task_definition_list":[{"target_any_local_reference":{"kind":"app_package","name":"HAProxy_Install"},"retries":"0","description":"","child_tasks_local_reference_list":[{"kind":"app_task","name":"HAProxy_Install"}],"name":"fcc08bca_dag","attrs":{"edges":[],"type":""},"timeout_secs":"0","type":"DAG","variable_list":[]},{"target_any_local_reference":{"kind":"app_service","name":"HAProxy"},"retries":"0","description":"","child_tasks_local_reference_list":[],"name":"HAProxy_Install","attrs":{"exit_status":[],"script":"#!\/usr\/bin\/env bash\r\nset -ex\r\n\r\necho \"__ HAProxy installation...\"\r\nsudo yum install -y haproxy &&\r\n  sudo systemctl enable haproxy || true # idempotent\r\nhaproxy -v\r\n\r\necho \"__ HAProxy configuration...\"\r\n# http:\/\/cbonte.github.io\/haproxy-dconv\/1.8\/configuration.html#4\r\nport=80\r\n\r\necho \"global\r\n  log 127.0.0.1 local0\r\n  log 127.0.0.1 local1 notice\r\n  maxconn 4096\r\n  quiet\r\n  user haproxy\r\n  group haproxy\r\ndefaults\r\n  log global\r\n  mode http\r\n  retries 3\r\n  timeout client 50s\r\n  timeout connect 5s\r\n  timeout server 50s\r\n  option dontlognull\r\n  option httplog\r\n  option redispatch\r\n  balance  roundrobin\r\n# Set up application listeners here.\r\nlisten stats\r\n  bind *:8080\r\n  mode http\r\n  log global\r\n  stats enable\r\n  stats hide-version\r\n  stats refresh 30s\r\n  stats show-node\r\n  stats uri \/stats\r\n#listen admin\r\n#  bind 127.0.0.1:22002\r\n#  mode http\r\n#  stats uri \/\r\nfrontend http\r\n  bind *:${port}\r\n  maxconn 2000\r\n  default_backend servers-http\r\nbackend servers-http\" | sudo tee \/etc\/haproxy\/haproxy.cfg\r\n\r\nsudo sed -i 's\/server host-\/#server host-\/g' \/etc\/haproxy\/haproxy.cfg\r\n\r\nhosts=$(echo \"@@{WebServer.address}@@\" | sed 's\/^,\/\/' | sed 's\/,$\/\/' | tr \",\" \"\\n\")\r\nfor host in $hosts; do\r\n  echo  \"  server host-${host} ${host}:${port} weight 1 maxconn 100 check\" | sudo tee -a \/etc\/haproxy\/haproxy.cfg\r\ndone\r\n","script_type":"sh","type":"","command_line_args":"","login_credential_local_reference":{"kind":"app_credential","name":"teccadmin"}},"timeout_secs":"0","type":"EXEC","variable_list":[]}],"description":"","name":"06cc6a13_runbook","main_task_local_reference":{"kind":"app_task","name":"fcc08bca_dag"},"variable_list":[]},"type":"","uninstall_runbook":{"task_definition_list":[{"target_any_local_reference":{"kind":"app_package","name":"HAProxy_Install"},"retries":"0","description":"","child_tasks_local_reference_list":[{"kind":"app_task","name":"HAProxy_Uninstall"}],"name":"e27fe602_dag","attrs":{"edges":[],"type":""},"timeout_secs":"0","type":"DAG","variable_list":[]},{"target_any_local_reference":{"kind":"app_service","name":"HAProxy"},"retries":"0","description":"","child_tasks_local_reference_list":[],"name":"HAProxy_Uninstall","attrs":{"exit_status":[],"script":"#!\/usr\/bin\/env bash\r\n\r\nsudo yum -y erase haproxy\r\n","script_type":"sh","type":"","command_line_args":"","login_credential_local_reference":{"kind":"app_credential","name":"teccadmin"}},"timeout_secs":"0","type":"EXEC","variable_list":[]}],"description":"","name":"c9f51c2c_runbook","main_task_local_reference":{"kind":"app_task","name":"e27fe602_dag"},"variable_list":[]}},"variable_list":[]},{"description":"","action_list":[],"type":"DEB","service_local_reference_list":[{"kind":"app_service","name":"MySQL"}],"name":"MySQL_Package","version":"","options":{"install_runbook":{"task_definition_list":[{"target_any_local_reference":{"kind":"app_package","name":"MySQL_Package"},"retries":"0","description":"","child_tasks_local_reference_list":[{"kind":"app_task","name":"Linux_OS_Update"},{"kind":"app_task","name":"MySQL_Install"},{"kind":"app_task","name":"CREATE_DB"}],"name":"bf3f152d_dag","attrs":{"edges":[{"from_task_reference":{"kind":"app_task","name":"Linux_OS_Update"},"edge_type":"user_defined","type":"","to_task_reference":{"kind":"app_task","name":"MySQL_Install"}},{"from_task_reference":{"kind":"app_task","name":"MySQL_Install"},"edge_type":"user_defined","type":"","to_task_reference":{"kind":"app_task","name":"CREATE_DB"}}],"type":""},"timeout_secs":"0","type":"DAG","variable_list":[]},{"target_any_local_reference":{"kind":"app_service","name":"MySQL"},"retries":"0","description":"","child_tasks_local_reference_list":[],"name":"Linux_OS_Update","attrs":{"exit_status":[],"script":"#!\/usr\/bin\/env bash\r\n\r\nsudo yum -y update\r\n","script_type":"sh","type":"","command_line_args":"","login_credential_local_reference":{"kind":"app_credential","name":"teccdba"}},"timeout_secs":"0","type":"EXEC","variable_list":[]},{"target_any_local_reference":{"kind":"app_service","name":"MySQL"},"retries":"0","description":"","child_tasks_local_reference_list":[],"name":"MySQL_Install","attrs":{"exit_status":[],"script":"#!\/usr\/bin\/env bash\nset -ex\n\n# Assuming CentOS\/RedHat 8.2\necho \"__ Mysql installation...\"\n# https:\/\/dev.mysql.com\/doc\/refman\/8.0\/en\/linux-installation-yum-repo.html\n\nsudo yum install -y \"http:\/\/repo.mysql.com\/mysql80-community-release-el8.rpm\" &&\n  sudo yum module -y disable mysql &&\n  sudo yum install -y mysql-community-server\n\n# database must be started for SQL configuration\nsudo systemctl start mysqld\n# database should start on OS boot\nsudo systemctl enable mysqld\n# sudo systemctl status mysqld.service\n\necho \"__ Altering database root password...\"\n\nmysql --user=root --connect-expired-password \\\n  --password=\"$(sudo grep -oP 'temporary password(.*): \\K(\\S+)' \/var\/log\/mysqld.log)\" <<- EOF\n\nSET GLOBAL validate_password.policy=LOW;\nALTER user 'root'@'localhost' IDENTIFIED BY '@@{MYSQL_PASSWORD}@@';\n\nFLUSH PRIVILEGES;\nEOF\n\necho \"__ Creating database, table, and app user permissions...\"\n\nmysql --user=root --password='@@{MYSQL_PASSWORD}@@' <<- \"EOF\"\n\nCREATE DATABASE IF NOT EXISTS webapp ;\nCREATE TABLE IF NOT EXISTS webapp.tecc_dba_test ( \\\n  id INT NOT NULL AUTO_INCREMENT , \\\n  time DATETIME NOT NULL DEFAULT CURRENT_TIMESTAMP , \\\n  comment VARCHAR(80) NULL DEFAULT NULL , \\\n  PRIMARY KEY (id)) \\\n  ENGINE = InnoDB CHARSET=ascii COLLATE ascii_general_ci COMMENT = 'testing';\n\nFLUSH PRIVILEGES;\n\nCREATE USER 'tecc_webuser'@'%' IDENTIFIED WITH mysql_native_password BY 'end-user-provided-password' \\\n  REQUIRE NONE WITH MAX_QUERIES_PER_HOUR 0 MAX_CONNECTIONS_PER_HOUR 0 MAX_UPDATES_PER_HOUR 0 MAX_USER_CONNECTIONS 0;\nGRANT SELECT, INSERT ON *.* TO 'tecc_webuser'@'%';\n\nCREATE USER 'tecc_webuser'@'localhost' IDENTIFIED WITH mysql_native_password BY 'end-user-provided-password' \\\n  REQUIRE NONE WITH MAX_QUERIES_PER_HOUR 0 MAX_CONNECTIONS_PER_HOUR 0 MAX_UPDATES_PER_HOUR 0 MAX_USER_CONNECTIONS 0;\nGRANT SELECT, INSERT ON *.* TO 'tecc_webuser'@'localhost';\n\nFLUSH PRIVILEGES;\n\n\nCREATE USER '@@{MYSQL_APP_USER}@@'@'%' IDENTIFIED WITH mysql_native_password BY '@@{MYSQL_PASSWORD}@@' \\\n  REQUIRE NONE WITH MAX_QUERIES_PER_HOUR 0 MAX_CONNECTIONS_PER_HOUR 0 MAX_UPDATES_PER_HOUR 0 MAX_USER_CONNECTIONS 0;\nGRANT SELECT, INSERT ON *.* TO '@@{MYSQL_APP_USER}@@'@'%';\n\nCREATE USER '@@{MYSQL_APP_USER}@@'@'localhost' IDENTIFIED WITH mysql_native_password BY '@@{MYSQL_PASSWORD}@@' \\\n  REQUIRE NONE WITH MAX_QUERIES_PER_HOUR 0 MAX_CONNECTIONS_PER_HOUR 0 MAX_UPDATES_PER_HOUR 0 MAX_USER_CONNECTIONS 0;\nGRANT SELECT, INSERT ON *.* TO '@@{MYSQL_APP_USER}@@'@'localhost';\n\nFLUSH PRIVILEGES;\nEOF\n","script_type":"sh","type":"","command_line_args":"","login_credential_local_reference":{"kind":"app_credential","name":"teccdba"}},"timeout_secs":"0","type":"EXEC","variable_list":[]},{"target_any_local_reference":{"kind":"app_service","name":"MySQL"},"retries":"0","description":"","child_tasks_local_reference_list":[],"name":"CREATE_DB","attrs":{"exit_status":[],"script":"CREATE DATABASE IF NOT EXISTS webapp ;\nCREATE TABLE IF NOT EXISTS webapp.tecc_dba_test ( \\\n  id INT NOT NULL AUTO_INCREMENT , \\\n  time DATETIME NOT NULL DEFAULT CURRENT_TIMESTAMP , \\\n  comment VARCHAR(80) NULL DEFAULT NULL , \\\n  PRIMARY KEY (id)) \\\n  ENGINE = InnoDB CHARSET=ascii COLLATE ascii_general_ci COMMENT = 'testing';\nFLUSH PRIVILEGES;\nCREATE USER 'tecc_webuser'@'%' IDENTIFIED WITH mysql_native_password BY 'end-user-provided-password' \\\n  REQUIRE NONE WITH MAX_QUERIES_PER_HOUR 0 MAX_CONNECTIONS_PER_HOUR 0 MAX_UPDATES_PER_HOUR 0 MAX_USER_CONNECTIONS 0;\nGRANT SELECT, INSERT ON *.* TO 'tecc_webuser'@'%';\nCREATE USER 'tecc_webuser'@'localhost' IDENTIFIED WITH mysql_native_password BY 'end-user-provided-password' \\\n  REQUIRE NONE WITH MAX_QUERIES_PER_HOUR 0 MAX_CONNECTIONS_PER_HOUR 0 MAX_UPDATES_PER_HOUR 0 MAX_USER_CONNECTIONS 0;\nGRANT SELECT, INSERT ON *.* TO 'tecc_webuser'@'localhost';\nFLUSH PRIVILEGES;","script_type":"sh","type":"","command_line_args":"","login_credential_local_reference":{"kind":"app_credential","name":"teccdba"}},"timeout_secs":"0","type":"EXEC","variable_list":[]}],"description":"","name":"67869c72_runbook","main_task_local_reference":{"kind":"app_task","name":"bf3f152d_dag"},"variable_list":[]},"type":"","uninstall_runbook":{"task_definition_list":[{"target_any_local_reference":{"kind":"app_package","name":"MySQL_Package"},"retries":"0","description":"","child_tasks_local_reference_list":[{"kind":"app_task","name":"MySQL_Uninstall"}],"name":"a7a3e1e0_dag","attrs":{"edges":[],"type":""},"timeout_secs":"0","type":"DAG","variable_list":[]},{"target_any_local_reference":{"kind":"app_service","name":"MySQL"},"retries":"0","description":"","child_tasks_local_reference_list":[],"name":"MySQL_Uninstall","attrs":{"exit_status":[],"script":"#!\/usr\/bin\/env bash\r\n\r\necho \"Generic uninstall script, goodbye!\"\r\n","script_type":"sh","type":"","command_line_args":"","login_credential_local_reference":{"kind":"app_credential","name":"teccdba"}},"timeout_secs":"0","type":"EXEC","variable_list":[]}],"description":"","name":"44fe5a1b_runbook","main_task_local_reference":{"kind":"app_task","name":"a7a3e1e0_dag"},"variable_list":[]}},"variable_list":[]}],"app_profile_list":[{"deployment_create_list":[{"type":"GREENFIELD","action_list":[],"name":"61cf2a61_deployment","min_replicas":"2","default_replicas":"2","depends_on_list":[],"published_service_local_reference_list":[],"max_replicas":"4","package_local_reference_list":[{"kind":"app_package","name":"WebServer_Package"}],"substrate_local_reference":{"kind":"app_substrate","name":"WebServerAHV"},"variable_list":[],"description":""},{"type":"GREENFIELD","action_list":[],"name":"5a45646b_deployment","min_replicas":"1","default_replicas":"1","depends_on_list":[],"published_service_local_reference_list":[],"max_replicas":"1","package_local_reference_list":[{"kind":"app_package","name":"HAProxy_Install"}],"substrate_local_reference":{"kind":"app_substrate","name":"HAProxyAHV"},"variable_list":[],"description":""},{"type":"GREENFIELD","action_list":[],"name":"383efd1f_deployment","min_replicas":"1","default_replicas":"1","depends_on_list":[],"published_service_local_reference_list":[],"max_replicas":"1","package_local_reference_list":[{"kind":"app_package","name":"MySQL_Package"}],"substrate_local_reference":{"kind":"app_substrate","name":"MySQLAHV"},"variable_list":[],"description":""}],"description":"","action_list":[{"description":"","type":"user","critical":false,"runbook":{"task_definition_list":[{"retries":"0","description":"","child_tasks_local_reference_list":[],"name":"2a94ba07_dag","attrs":{"edges":[],"type":""},"timeout_secs":"0","type":"DAG","variable_list":[]}],"description":"","name":"c077f755_runbook","main_task_local_reference":{"kind":"app_task","name":"2a94ba07_dag"},"variable_list":[]},"name":"Action1"},{"description":"","type":"user","critical":false,"runbook":{"task_definition_list":[{"retries":"0","description":"","child_tasks_local_reference_list":[{"kind":"app_task","name":"ScaleOut"},{"kind":"app_task","name":"HAProxy_Update"},{"kind":"app_task","name":"Restart"}],"name":"cbaf2d0d_dag","attrs":{"edges":[{"from_task_reference":{"kind":"app_task","name":"HAProxy_Update"},"edge_type":"user_defined","type":"","to_task_reference":{"kind":"app_task","name":"Restart"}},{"from_task_reference":{"kind":"app_task","name":"ScaleOut"},"edge_type":"user_defined","type":"","to_task_reference":{"kind":"app_task","name":"HAProxy_Update"}}],"type":""},"timeout_secs":"0","type":"DAG","variable_list":[]},{"target_any_local_reference":{"kind":"app_blueprint_deployment","name":"61cf2a61_deployment"},"retries":"0","description":"","child_tasks_local_reference_list":[],"name":"ScaleOut","attrs":{"scaling_count":"1","type":"","scaling_type":"SCALEOUT"},"timeout_secs":"0","type":"SCALING","variable_list":[]},{"target_any_local_reference":{"kind":"app_service","name":"HAProxy"},"retries":"0","description":"","child_tasks_local_reference_list":[],"name":"HAProxy_Update","attrs":{"exit_status":[],"script":"#!\/usr\/bin\/env bash\r\nset -ex\r\n\r\necho \"__ HAProxy installation...\"\r\nsudo yum install -y haproxy &&\r\n  sudo systemctl enable haproxy || true # idempotent\r\nhaproxy -v\r\n\r\necho \"__ HAProxy configuration...\"\r\n# http:\/\/cbonte.github.io\/haproxy-dconv\/1.8\/configuration.html#4\r\nport=80\r\n\r\necho \"global\r\n  log 127.0.0.1 local0\r\n  log 127.0.0.1 local1 notice\r\n  maxconn 4096\r\n  quiet\r\n  user haproxy\r\n  group haproxy\r\ndefaults\r\n  log global\r\n  mode http\r\n  retries 3\r\n  timeout client 50s\r\n  timeout connect 5s\r\n  timeout server 50s\r\n  option dontlognull\r\n  option httplog\r\n  option redispatch\r\n  balance  roundrobin\r\n# Set up application listeners here.\r\nlisten stats\r\n  bind *:8080\r\n  mode http\r\n  log global\r\n  stats enable\r\n  stats hide-version\r\n  stats refresh 30s\r\n  stats show-node\r\n  stats uri \/stats\r\n#listen admin\r\n#  bind 127.0.0.1:22002\r\n#  mode http\r\n#  stats uri \/\r\nfrontend http\r\n  bind *:${port}\r\n  maxconn 2000\r\n  default_backend servers-http\r\nbackend servers-http\" | sudo tee \/etc\/haproxy\/haproxy.cfg\r\n\r\nsudo sed -i 's\/server host-\/#server host-\/g' \/etc\/haproxy\/haproxy.cfg\r\n\r\nhosts=$(echo \"@@{WebServer.address}@@\" | sed 's\/^,\/\/' | sed 's\/,$\/\/' | tr \",\" \"\\n\")\r\nfor host in $hosts; do\r\n  echo  \"  server host-${host} ${host}:${port} weight 1 maxconn 100 check\" | sudo tee -a \/etc\/haproxy\/haproxy.cfg\r\ndone\r\n","script_type":"sh","type":"","command_line_args":"","login_credential_local_reference":{"kind":"app_credential","name":"teccadmin"}},"timeout_secs":"0","type":"EXEC","variable_list":[]},{"target_any_local_reference":{"kind":"app_service","name":"HAProxy"},"retries":"0","description":"","child_tasks_local_reference_list":[],"name":"Restart","attrs":{"type":"CALL_RUNBOOK","inarg_list":[],"runbook_reference":{"kind":"app_runbook","name":"981864ec_runbook"}},"timeout_secs":"0","type":"CALL_RUNBOOK","variable_list":[]}],"description":"","name":"02bbc1dc_runbook","main_task_local_reference":{"kind":"app_task","name":"cbaf2d0d_dag"},"variable_list":[]},"name":"WebScaleOut"},{"description":"","type":"user","critical":false,"runbook":{"task_definition_list":[{"retries":"0","description":"","child_tasks_local_reference_list":[{"kind":"app_task","name":"HAProxy_Update"},{"kind":"app_task","name":"Restart"},{"kind":"app_task","name":"ScaleIn"}],"name":"7be1fa9e_dag","attrs":{"edges":[{"from_task_reference":{"kind":"app_task","name":"HAProxy_Update"},"edge_type":"user_defined","type":"","to_task_reference":{"kind":"app_task","name":"Restart"}},{"from_task_reference":{"kind":"app_task","name":"Restart"},"edge_type":"user_defined","type":"","to_task_reference":{"kind":"app_task","name":"ScaleIn"}}],"type":""},"timeout_secs":"0","type":"DAG","variable_list":[]},{"target_any_local_reference":{"kind":"app_service","name":"HAProxy"},"retries":"0","description":"","child_tasks_local_reference_list":[],"name":"HAProxy_Update","attrs":{"script":"#!\/usr\/bin\/env bash\r\nset -ex\r\n\r\necho \"__ HAProxy installation...\"\r\nsudo yum install -y haproxy &&\r\n  sudo systemctl enable haproxy || true # idempotent\r\nhaproxy -v\r\n\r\necho \"__ HAProxy configuration...\"\r\n# http:\/\/cbonte.github.io\/haproxy-dconv\/1.8\/configuration.html#4\r\nport=80\r\n\r\necho \"global\r\n  log 127.0.0.1 local0\r\n  log 127.0.0.1 local1 notice\r\n  maxconn 4096\r\n  quiet\r\n  user haproxy\r\n  group haproxy\r\ndefaults\r\n  log global\r\n  mode http\r\n  retries 3\r\n  timeout client 50s\r\n  timeout connect 5s\r\n  timeout server 50s\r\n  option dontlognull\r\n  option httplog\r\n  option redispatch\r\n  balance  roundrobin\r\n# Set up application listeners here.\r\nlisten stats\r\n  bind *:8080\r\n  mode http\r\n  log global\r\n  stats enable\r\n  stats hide-version\r\n  stats refresh 30s\r\n  stats show-node\r\n  stats uri \/stats\r\n#listen admin\r\n#  bind 127.0.0.1:22002\r\n#  mode http\r\n#  stats uri \/\r\nfrontend http\r\n  bind *:${port}\r\n  maxconn 2000\r\n  default_backend servers-http\r\nbackend servers-http\" | sudo tee \/etc\/haproxy\/haproxy.cfg\r\n\r\nsudo sed -i 's\/server host-\/#server host-\/g' \/etc\/haproxy\/haproxy.cfg\r\n\r\nhosts=$(echo \"@@{WebServer.address}@@\" | sed 's\/^,\/\/' | sed 's\/,$\/\/' | tr \",\" \"\\n\")\r\nfor host in $hosts; do\r\n  echo  \"  server host-${host} ${host}:${port} weight 1 maxconn 100 check\" | sudo tee -a \/etc\/haproxy\/haproxy.cfg\r\ndone\r\n","type":"","command_line_args":"","exit_status":[],"script_type":"sh"},"timeout_secs":"0","type":"EXEC","variable_list":[]},{"target_any_local_reference":{"kind":"app_service","name":"HAProxy"},"retries":"0","description":"","child_tasks_local_reference_list":[],"name":"Restart","attrs":{"type":"CALL_RUNBOOK","inarg_list":[],"runbook_reference":{"kind":"app_runbook","name":"981864ec_runbook"}},"timeout_secs":"0","type":"CALL_RUNBOOK","variable_list":[]},{"target_any_local_reference":{"kind":"app_blueprint_deployment","name":"61cf2a61_deployment"},"retries":"0","description":"","child_tasks_local_reference_list":[],"name":"ScaleIn","attrs":{"scaling_count":"1","type":"","scaling_type":"SCALEIN"},"timeout_secs":"0","type":"SCALING","variable_list":[]}],"description":"","name":"1086b4b1_runbook","main_task_local_reference":{"kind":"app_task","name":"7be1fa9e_dag"},"variable_list":[]},"name":"WebScaleIn"},{"description":"DatabaseBackup","type":"user","critical":false,"runbook":{"task_definition_list":[{"retries":"0","description":"","child_tasks_local_reference_list":[{"kind":"app_task","name":"DatabaseBackup"}],"name":"03eb20b1_dag","attrs":{"edges":[],"type":""},"timeout_secs":"0","type":"DAG","variable_list":[]},{"target_any_local_reference":{"kind":"app_service","name":"MySQL"},"retries":"0","description":"","child_tasks_local_reference_list":[],"name":"DatabaseBackup","attrs":{"exit_status":[],"script":"#!\/usr\/bin\/env bash\r\nset -ex\r\n\r\nmysqldump --all-databases --user=root --password='@@{MYSQL_PASSWORD}@@'\r\n","script_type":"sh","type":"","command_line_args":"","login_credential_local_reference":{"kind":"app_credential","name":"teccdba"}},"timeout_secs":"0","type":"EXEC","variable_list":[]}],"description":"","name":"db411a3a_runbook","main_task_local_reference":{"kind":"app_task","name":"03eb20b1_dag"},"variable_list":[]},"name":"DatabaseBackup"}],"name":"small","variable_list":[{"val_type":"STRING","is_mandatory":false,"description":"","data_type":"BASE","type":"LOCAL","name":"USER_INITIALS","value":"tecc","label":"","attrs":{"type":""},"editables":{"value":true},"is_hidden":false,"options":{"type":"PREDEFINED","choices":[]}},{"val_type":"STRING","is_mandatory":false,"description":"","data_type":"BASE","type":"LOCAL","name":"MYSQL_APP_USER","value":"webuser","label":"","attrs":{"type":""},"is_hidden":false,"options":{"type":"PREDEFINED","choices":[]}},{"val_type":"STRING","is_mandatory":true,"description":"\"MySQL low password security requirements are 8 or more characters with at least 1 uppercase character.\"","data_type":"BASE","type":"SECRET","name":"MYSQL_PASSWORD","value":"","label":"","attrs":{"is_secret_modified":false,"secret_reference":{},"type":"SECRET"},"is_hidden":false,"options":{"type":"PREDEFINED","choices":[]}},{"val_type":"STRING","is_mandatory":false,"description":"","data_type":"BASE","type":"LOCAL","name":"DATABASE_NAME","value":"webapp","label":"","attrs":{"type":""},"is_hidden":false,"options":{"type":"PREDEFINED","choices":[]}},{"val_type":"STRING","is_mandatory":false,"description":"","data_type":"BASE","type":"LOCAL","name":"DATABASE_TABLE","value":"tecc_dba_test","label":"","attrs":{"type":""},"is_hidden":false,"options":{"type":"PREDEFINED","choices":[]}}]}],"published_service_definition_list":[],"default_credential_local_reference":{"kind":"app_credential","name":"teccadmin"},"type":"USER"},"name":"L2v3"},"api_version":"3.0","metadata":{"last_update_time":"1605208535018526","kind":"blueprint","spec_version":17,"creation_time":"1605202289679424","name":"L2v3"}}